{"max_rougeL": 0.34615384615384615, "mean_rougeL": 0.1577252619293791, "rougeL_ci_lo": 0.14657278885347513, "rougeL_ci_hi": 0.16939866541531204, "max_rougeL_recall": 0.36, "mean_rougeL_recall": 0.16421890289940233, "rougeL_recall_ci_lo": 0.1525224986495118, "rougeL_recall_ci_hi": 0.17589866103976357, "max_rouge1": 0.41142857142857137, "mean_rouge1": 0.22118869773981534, "rouge1_ci_lo": 0.20473315354881738, "rouge1_ci_hi": 0.23803961406111732, "max_rouge1_recall": 0.4, "mean_rouge1_recall": 0.22976034142895432, "rouge1_recall_ci_lo": 0.21286413822270375, "rouge1_recall_ci_hi": 0.24696922202637026}