{"max_rougeL": 1.0, "mean_rougeL": 0.2984796798029556, "rougeL_ci_lo": 0.22844029488232076, "rougeL_ci_hi": 0.373003886152162, "max_rougeL_recall": 1.0, "mean_rougeL_recall": 0.3543901098901099, "rougeL_recall_ci_lo": 0.27630347985347986, "rougeL_recall_ci_hi": 0.43517307692307694, "max_rouge1": 1.0, "mean_rouge1": 0.29916933497536935, "rouge1_ci_lo": 0.2301781096059113, "rouge1_ci_hi": 0.3726745381773398, "max_rouge1_recall": 1.0, "mean_rouge1_recall": 0.3551593406593407, "rouge1_recall_ci_lo": 0.2774516483516483, "rouge1_recall_ci_hi": 0.43601904761904753}