name,verbmem_f,knowmem_f,knowmem_r
distillation_soft_label_only_cp300,15.77252619293791,19.049417204086776,29.847967980295557
