name,verbmem_f,knowmem_f,knowmem_r
distillation_1epoch,43.8111409903501,38.54949245199244,54.95897418117097
