name,verbmem_f,knowmem_f,knowmem_r
distillation_soft_label_only,15.434959110478601,16.54509244387967,29.362789222271974
