name,verbmem_f,knowmem_f,knowmem_r
distillation_soft_label_only_cp100,15.856647231354437,21.200830124208075,30.325166050832824
