name,verbmem_f,knowmem_f,knowmem_r
retrain,13.889628237316073,30.138042511486105,69.04961841554129
