{"max_rougeL": 1.0, "mean_rougeL": 0.6904961841554129, "rougeL_ci_lo": 0.6230545093551179, "rougeL_ci_hi": 0.7546850632783189, "max_rougeL_recall": 1.0, "mean_rougeL_recall": 0.7913461538461536, "rougeL_recall_ci_lo": 0.7268192307692308, "rougeL_recall_ci_hi": 0.8521044871794871, "max_rouge1": 1.0, "mean_rouge1": 0.6927184063776352, "rouge1_ci_lo": 0.6256626606039891, "rouge1_ci_hi": 0.7560983749910222, "max_rouge1_recall": 1.0, "mean_rouge1_recall": 0.7938461538461535, "rouge1_recall_ci_lo": 0.7277544871794872, "rouge1_recall_ci_hi": 0.8540147435897436}