{"max_rougeL": 1.0, "mean_rougeL": 0.9970156118398757, "rougeL_ci_lo": 0.9963118416453106, "rougeL_ci_hi": 0.9976672208781344, "max_rougeL_recall": 1.0, "mean_rougeL_recall": 0.9993008513840431, "rougeL_recall_ci_lo": 0.9986944345976605, "rougeL_recall_ci_hi": 0.999784946236559, "max_rouge1": 1.0, "mean_rouge1": 0.9970156118398757, "rouge1_ci_lo": 0.9962966147508516, "rouge1_ci_hi": 0.9976897919965029, "max_rouge1_recall": 1.0, "mean_rouge1_recall": 0.9993008513840431, "rouge1_recall_ci_lo": 0.9987035798242503, "rouge1_recall_ci_hi": 0.9997756892230576}