{"max_rougeL": 0.45962732919254656, "mean_rougeL": 0.15434959110478602, "rougeL_ci_lo": 0.14295585053351212, "rougeL_ci_hi": 0.1664970226890234, "max_rougeL_recall": 0.49333333333333335, "mean_rougeL_recall": 0.15941123970597043, "rougeL_recall_ci_lo": 0.14701264685507892, "rougeL_recall_ci_hi": 0.17211037437401883, "max_rouge1": 0.4968944099378882, "mean_rouge1": 0.2204411212950912, "rouge1_ci_lo": 0.2033335162020612, "rouge1_ci_hi": 0.23746695645398008, "max_rouge1_recall": 0.5333333333333333, "mean_rouge1_recall": 0.22708961422614762, "rouge1_recall_ci_lo": 0.20894709601610426, "rouge1_recall_ci_hi": 0.24500267992780256}