{"max_rougeL": 1.0, "mean_rougeL": 0.21200830124208075, "rougeL_ci_lo": 0.15329513904352918, "rougeL_ci_hi": 0.2750166468158472, "max_rougeL_recall": 1.0, "mean_rougeL_recall": 0.2440940921823274, "rougeL_recall_ci_lo": 0.17994285077667432, "rougeL_recall_ci_hi": 0.31092092564298446, "max_rouge1": 1.0, "mean_rouge1": 0.21200830124208075, "rouge1_ci_lo": 0.1536168649607259, "rouge1_ci_hi": 0.2751143471060304, "max_rouge1_recall": 1.0, "mean_rouge1_recall": 0.2440940921823274, "rouge1_recall_ci_lo": 0.17948377259994908, "rouge1_recall_ci_hi": 0.31366066972243434}