{"max_rougeL": 1.0, "mean_rougeL": 0.16545092443879672, "rougeL_ci_lo": 0.11566507471023603, "rougeL_ci_hi": 0.2192001691577221, "max_rougeL_recall": 1.0, "mean_rougeL_recall": 0.20035179526355992, "rougeL_recall_ci_lo": 0.14221187929717344, "rougeL_recall_ci_hi": 0.26014816017316017, "max_rouge1": 1.0, "mean_rouge1": 0.16640330539117765, "rouge1_ci_lo": 0.11676772582805915, "rouge1_ci_hi": 0.22136392539845637, "max_rouge1_recall": 1.0, "mean_rouge1_recall": 0.20201846193022657, "rouge1_recall_ci_lo": 0.1448811051693405, "rouge1_recall_ci_hi": 0.26486872930990574}