{"max_rougeL": 1.0, "mean_rougeL": 0.4587905150405149, "rougeL_ci_lo": 0.3852779942279942, "rougeL_ci_hi": 0.5343088092463092, "max_rougeL_recall": 1.0, "mean_rougeL_recall": 0.4813697478991598, "rougeL_recall_ci_lo": 0.4014953781512605, "rougeL_recall_ci_hi": 0.5619360644257703, "max_rouge1": 1.0, "mean_rouge1": 0.46232897657897637, "rouge1_ci_lo": 0.3857964937839937, "rouge1_ci_hi": 0.5390114496614495, "max_rouge1_recall": 1.0, "mean_rouge1_recall": 0.48586974789915977, "rouge1_recall_ci_lo": 0.4073915266106443, "rouge1_recall_ci_hi": 0.5650901960784314}