{"max_rougeL": 0.276595744680851, "mean_rougeL": 0.14250709289540223, "rougeL_ci_lo": 0.13377932182205754, "rougeL_ci_hi": 0.15147992334707902, "max_rougeL_recall": 0.2857142857142857, "mean_rougeL_recall": 0.14231293836638448, "rougeL_recall_ci_lo": 0.1329816919330637, "rougeL_recall_ci_hi": 0.1520368274795287, "max_rouge1": 0.4365482233502538, "mean_rouge1": 0.21861915587974196, "rouge1_ci_lo": 0.20237036133102806, "rouge1_ci_hi": 0.2344697422426199, "max_rouge1_recall": 0.45054945054945056, "mean_rouge1_recall": 0.2179592266906921, "rouge1_recall_ci_lo": 0.20157206748916823, "rouge1_recall_ci_hi": 0.2344752596401733}