{"max_rougeL": 1.0, "mean_rougeL": 0.30325166050832825, "rougeL_ci_lo": 0.23464689250678478, "rougeL_ci_hi": 0.37417682638920724, "max_rougeL_recall": 1.0, "mean_rougeL_recall": 0.3586245421245421, "rougeL_recall_ci_lo": 0.2817621794871795, "rougeL_recall_ci_hi": 0.43779313186813185, "max_rouge1": 1.0, "mean_rouge1": 0.30412122572571954, "rouge1_ci_lo": 0.23398147519377566, "rouge1_ci_hi": 0.3749991142880714, "max_rouge1_recall": 1.0, "mean_rouge1_recall": 0.3593937728937729, "rouge1_recall_ci_lo": 0.2827597069597069, "rouge1_recall_ci_hi": 0.43954908424908423}