{"max_rougeL": 1.0, "mean_rougeL": 0.5495897418117097, "rougeL_ci_lo": 0.4695277852899707, "rougeL_ci_hi": 0.6292237225970063, "max_rougeL_recall": 1.0, "mean_rougeL_recall": 0.6244633699633702, "rougeL_recall_ci_lo": 0.5395761904761905, "rougeL_recall_ci_hi": 0.7078543956043956, "max_rouge1": 1.0, "mean_rouge1": 0.5495897418117097, "rouge1_ci_lo": 0.4685930953454124, "rouge1_ci_hi": 0.6310178461634981, "max_rouge1_recall": 1.0, "mean_rouge1_recall": 0.6244633699633702, "rouge1_recall_ci_lo": 0.5385652014652014, "rouge1_recall_ci_hi": 0.7081027472527471}