{"max_rougeL": 1.0, "mean_rougeL": 0.29362789222271973, "rougeL_ci_lo": 0.2259909986565159, "rougeL_ci_hi": 0.3639335367218987, "max_rougeL_recall": 1.0, "mean_rougeL_recall": 0.35926556776556784, "rougeL_recall_ci_lo": 0.2819720695970696, "rougeL_recall_ci_hi": 0.4405269230769231, "max_rouge1": 1.0, "mean_rouge1": 0.29638651291237494, "rouge1_ci_lo": 0.22873293277603624, "rouge1_ci_hi": 0.36756762265512255, "max_rouge1_recall": 1.0, "mean_rouge1_recall": 0.3630018315018316, "rouge1_recall_ci_lo": 0.2852184065934066, "rouge1_recall_ci_hi": 0.4426429487179487}