{"max_rougeL": 1.0, "mean_rougeL": 0.43811140990350095, "rougeL_ci_lo": 0.39031456653171726, "rougeL_ci_hi": 0.48862710900865797, "max_rougeL_recall": 1.0, "mean_rougeL_recall": 0.4482548477185552, "rougeL_recall_ci_lo": 0.3996504301175332, "rougeL_recall_ci_hi": 0.49770355978026964, "max_rouge1": 1.0, "mean_rouge1": 0.4978553895978669, "rouge1_ci_lo": 0.4553710788198881, "rouge1_ci_hi": 0.542993668980735, "max_rouge1_recall": 1.0, "mean_rouge1_recall": 0.5099086909344587, "rouge1_recall_ci_lo": 0.4663362997323348, "rouge1_recall_ci_hi": 0.5556302468269497}