{"max_rougeL": 1.0, "mean_rougeL": 0.571457891781421, "rougeL_ci_lo": 0.4959986540420364, "rougeL_ci_hi": 0.6478339573824866, "max_rougeL_recall": 1.0, "mean_rougeL_recall": 0.6411053113553115, "rougeL_recall_ci_lo": 0.5642101190476191, "rougeL_recall_ci_hi": 0.7167362637362638, "max_rouge1": 1.0, "mean_rouge1": 0.571457891781421, "rouge1_ci_lo": 0.4947184617669912, "rouge1_ci_hi": 0.648361239006092, "max_rouge1_recall": 1.0, "mean_rouge1_recall": 0.6411053113553115, "rouge1_recall_ci_lo": 0.5643646978021979, "rouge1_recall_ci_hi": 0.7171677655677656}