{"max_rougeL": 1.0, "mean_rougeL": 0.4673569448781437, "rougeL_ci_lo": 0.41604397943178467, "rougeL_ci_hi": 0.5216851239146653, "max_rougeL_recall": 1.0, "mean_rougeL_recall": 0.47520560327732375, "rougeL_recall_ci_lo": 0.42287547274330395, "rougeL_recall_ci_hi": 0.5283450648653655, "max_rouge1": 1.0, "mean_rouge1": 0.527805425322507, "rouge1_ci_lo": 0.48131629895581124, "rouge1_ci_hi": 0.5746538970209937, "max_rouge1_recall": 1.0, "mean_rouge1_recall": 0.5373143178496518, "rouge1_recall_ci_lo": 0.4909086342511902, "rouge1_recall_ci_hi": 0.5856204649150449}