{"max_rougeL": 1.0, "mean_rougeL": 0.41689570193397446, "rougeL_ci_lo": 0.3459639674267703, "rougeL_ci_hi": 0.48885229917141676, "max_rougeL_recall": 1.0, "mean_rougeL_recall": 0.4534387573211104, "rougeL_recall_ci_lo": 0.37783187547746366, "rougeL_recall_ci_hi": 0.5288273491214667, "max_rouge1": 1.0, "mean_rouge1": 0.41986273490100734, "rouge1_ci_lo": 0.34882782446785865, "rouge1_ci_hi": 0.4926910797531353, "max_rouge1_recall": 1.0, "mean_rouge1_recall": 0.457105423987777, "rouge1_recall_ci_lo": 0.37816238859180046, "rouge1_recall_ci_hi": 0.5348306722689076}