{"max_rougeL": 1.0, "mean_rougeL": 0.19049417204086777, "rougeL_ci_lo": 0.1359844346829641, "rougeL_ci_hi": 0.24868563152831355, "max_rougeL_recall": 1.0, "mean_rougeL_recall": 0.22225375604787362, "rougeL_recall_ci_lo": 0.16215751846193024, "rougeL_recall_ci_hi": 0.2879471925133689, "max_rouge1": 1.0, "mean_rouge1": 0.1914465529932487, "rouge1_ci_lo": 0.1357450365559969, "rouge1_ci_hi": 0.2513630810176083, "max_rouge1_recall": 1.0, "mean_rouge1_recall": 0.2239204227145403, "rouge1_recall_ci_lo": 0.163269149477973, "rouge1_recall_ci_hi": 0.29085921823274763}