{"max_rougeL": 1.0, "mean_rougeL": 0.3013804251148611, "rougeL_ci_lo": 0.2347622704071814, "rougeL_ci_hi": 0.37139877941832267, "max_rougeL_recall": 1.0, "mean_rougeL_recall": 0.35921186656480786, "rougeL_recall_ci_lo": 0.2889521135727018, "rougeL_recall_ci_hi": 0.43372820855614974, "max_rouge1": 1.0, "mean_rouge1": 0.3013804251148611, "rouge1_ci_lo": 0.2340378167448332, "rouge1_ci_hi": 0.3717560496058149, "max_rouge1_recall": 1.0, "mean_rouge1_recall": 0.35921186656480786, "rouge1_recall_ci_lo": 0.2881286605551312, "rouge1_recall_ci_hi": 0.43266001400560217}