{"max_rougeL": 1.0, "mean_rougeL": 0.6940086964291293, "rougeL_ci_lo": 0.6224344567747354, "rougeL_ci_hi": 0.7616068882098295, "max_rougeL_recall": 1.0, "mean_rougeL_recall": 0.720102564102564, "rougeL_recall_ci_lo": 0.6474955128205128, "rougeL_recall_ci_hi": 0.7885384615384615, "max_rouge1": 1.0, "mean_rouge1": 0.6962309186513517, "rouge1_ci_lo": 0.6242662363350444, "rouge1_ci_hi": 0.7649929038505354, "max_rouge1_recall": 1.0, "mean_rouge1_recall": 0.7226025641025641, "rouge1_recall_ci_lo": 0.6497660256410256, "rouge1_recall_ci_hi": 0.7920410256410256}