{"max_rougeL": 1.0, "mean_rougeL": 0.11589462411651319, "rougeL_ci_lo": 0.07647715071035913, "rougeL_ci_hi": 0.15850550796030557, "max_rougeL_recall": 1.0, "mean_rougeL_recall": 0.13796944232238353, "rougeL_recall_ci_lo": 0.08957580850522028, "rougeL_recall_ci_hi": 0.1915438248026483, "max_rouge1": 1.0, "mean_rouge1": 0.11589462411651319, "rouge1_ci_lo": 0.07566398586421076, "rouge1_ci_hi": 0.15864813307631895, "max_rouge1_recall": 1.0, "mean_rouge1_recall": 0.13796944232238353, "rouge1_recall_ci_lo": 0.08867268907563025, "rouge1_recall_ci_hi": 0.1921599185128597}