{"max_rougeL": 0.22340425531914893, "mean_rougeL": 0.13889628237316073, "rougeL_ci_lo": 0.1322036154538871, "rougeL_ci_hi": 0.14556548324684943, "max_rougeL_recall": 0.22535211267605634, "mean_rougeL_recall": 0.13991825105588582, "rougeL_recall_ci_lo": 0.1325702555241272, "rougeL_recall_ci_hi": 0.14711682995871675, "max_rouge1": 0.37305699481865284, "mean_rouge1": 0.2393490345420974, "rouge1_ci_lo": 0.22634658324272386, "rouge1_ci_hi": 0.25204477198170433, "max_rouge1_recall": 0.3977272727272727, "mean_rouge1_recall": 0.24159086773047952, "rouge1_recall_ci_lo": 0.22780074524145458, "rouge1_recall_ci_hi": 0.25501000136013807}