{"max_rougeL": 0.3949044585987261, "mean_rougeL": 0.15856647231354437, "rougeL_ci_lo": 0.14730350709229936, "rougeL_ci_hi": 0.17034867628836073, "max_rougeL_recall": 0.41333333333333333, "mean_rougeL_recall": 0.16522347295300183, "rougeL_recall_ci_lo": 0.15361425501589368, "rougeL_recall_ci_hi": 0.17684316864360478, "max_rouge1": 0.43312101910828027, "mean_rouge1": 0.21692426930821818, "rouge1_ci_lo": 0.20021403095041854, "rouge1_ci_hi": 0.233601079653353, "max_rouge1_recall": 0.4533333333333333, "mean_rouge1_recall": 0.2253512540557277, "rouge1_recall_ci_lo": 0.20901821347308375, "rouge1_recall_ci_hi": 0.24215044713431735}