{"max_rougeL": 1.0, "mean_rougeL": 0.3854949245199244, "rougeL_ci_lo": 0.31411502886002884, "rougeL_ci_hi": 0.4568849794649793, "max_rougeL_recall": 1.0, "mean_rougeL_recall": 0.42038120702826587, "rougeL_recall_ci_lo": 0.34388864909600203, "rougeL_recall_ci_hi": 0.4989262796027501, "max_rouge1": 1.0, "mean_rouge1": 0.3872949245199244, "rouge1_ci_lo": 0.3159625790875791, "rouge1_ci_hi": 0.4593816419691419, "max_rouge1_recall": 1.0, "mean_rouge1_recall": 0.42295696460402354, "rouge1_recall_ci_lo": 0.34638505220269933, "rouge1_recall_ci_hi": 0.49873923478482307}