{"max_rougeL": 1.0, "mean_rougeL": 0.2855988607584516, "rougeL_ci_lo": 0.21879372512540035, "rougeL_ci_hi": 0.35450068990969225, "max_rougeL_recall": 1.0, "mean_rougeL_recall": 0.36332509157509163, "rougeL_recall_ci_lo": 0.28116236263736266, "rougeL_recall_ci_hi": 0.4482777014652014, "max_rouge1": 1.0, "mean_rouge1": 0.28636809152768233, "rouge1_ci_lo": 0.2215722402675472, "rouge1_ci_hi": 0.35451676132194027, "max_rouge1_recall": 1.0, "mean_rouge1_recall": 0.3640943223443224, "rouge1_recall_ci_lo": 0.28213663003663, "rouge1_recall_ci_hi": 0.4481454212454212}